{
	"materials": [],
	"meshes": [
		{
			"name": "Model::Sofa.003",
			"id": "e24d990b-18bc-4ffc-a225-ffe4b456de78",
			"uniqueId": 502,
			"type": "Mesh",
			"position": [
				53.0456428527832,
				18.658363342285156,
				21.487131118774414
			],
			"rotationQuaternion": [
				0.5000001192092777,
				-0.5000000814603309,
				-0.49999988079069846,
				0.49999991853965137
			],
			"scaling": [
				17.95765495300293,
				50.46183395385742,
				7.499999523162842
			],
			"localMatrix": {
				"0": 1,
				"1": 0,
				"2": 0,
				"3": 0,
				"4": 0,
				"5": 1,
				"6": 0,
				"7": 0,
				"8": 0,
				"9": 0,
				"10": 1,
				"11": 0,
				"12": 0,
				"13": 0,
				"14": 0,
				"15": 1
			},
			"isEnabled": true,
			"isVisible": true,
			"infiniteDistance": false,
			"pickable": true,
			"receiveShadows": false,
			"billboardMode": 0,
			"visibility": 1,
			"checkCollisions": false,
			"isBlocker": false,
			"overrideMaterialSideOrientation": null,
			"parentId": "9e6ce94c-3072-4982-8e1f-78eaa295ff15",
			"isUnIndexed": false,
			"geometryId": "e3d700a2-54e4-4497-9ab0-a7dd2352e603",
			"subMeshes": null,
			"materialId": "ad2d9f8f-1b0a-422e-afaf-95f3f1e959e0",
			"metadata": {
				"basePoseMatrix": {
					"0": 1,
					"1": 0,
					"2": 0,
					"3": 0,
					"4": 0,
					"5": 1,
					"6": 0,
					"7": 0,
					"8": 0,
					"9": 0,
					"10": 1,
					"11": 0,
					"12": 0,
					"13": 0,
					"14": 0,
					"15": 1
				},
				"originalSourceFile": {
					"id": "Model::Sofa.003",
					"name": "Model::Sofa.003",
					"sceneFileName": "InteriorTest.fbx"
				},
				"isPickable": false
			},
			"instances": [],
			"animations": [],
			"ranges": [],
			"layerMask": 268435455,
			"alphaIndex": 1.7976931348623157e+308,
			"hasVertexAlpha": false,
			"overlayAlpha": 0.5,
			"overlayColor": [
				1,
				0,
				0
			],
			"applyFog": true,
			"delayLoadingFile": "geometries/e3d700a2-54e4-4497-9ab0-a7dd2352e603.babylonbinarymeshdata",
			"boundingBoxMaximum": [
				0.9833334684371948,
				0.9895835518836975,
				1.0000001192092896
			],
			"boundingBoxMinimum": [
				-0.9833334684371948,
				-0.9895835518836975,
				-1.0000001192092896
			],
			"_binaryInfo": {
				"positionsAttrDesc": {
					"count": 23616,
					"stride": 3,
					"offset": 0,
					"dataType": 1
				},
				"normalsAttrDesc": {
					"count": 23616,
					"stride": 3,
					"offset": 94464,
					"dataType": 1
				},
				"uvsAttrDesc": {
					"count": 15744,
					"stride": 2,
					"offset": 188928,
					"dataType": 1
				},
				"indicesAttrDesc": {
					"count": 7872,
					"stride": 1,
					"offset": 251904,
					"dataType": 0
				},
				"subMeshesAttrDesc": {
					"count": 1,
					"stride": 5,
					"offset": 283392,
					"dataType": 0
				}
			},
			"positions": null,
			"normals": null,
			"uvs": null,
			"hasUVs": true,
			"indices": null
		}
	],
	"multiMaterials": [],
	"lods": []
}