{
	"materials": [],
	"meshes": [
		{
			"name": "Model::Sphere.004",
			"id": "7078da1f-bcb0-436f-8db0-32a5c3774d26",
			"uniqueId": 472,
			"type": "Mesh",
			"position": [
				-35.029632568359375,
				252.6774444580078,
				-8.467546463012695
			],
			"rotationQuaternion": [
				-0.7071068387877039,
				0,
				0,
				0.7071067235853865
			],
			"scaling": [
				7.499999046325684,
				7.499999046325684,
				7.500000476837158
			],
			"localMatrix": {
				"0": 1,
				"1": 0,
				"2": 0,
				"3": 0,
				"4": 0,
				"5": 1,
				"6": 0,
				"7": 0,
				"8": 0,
				"9": 0,
				"10": 1,
				"11": 0,
				"12": 0,
				"13": 0,
				"14": 0,
				"15": 1
			},
			"isEnabled": true,
			"isVisible": true,
			"infiniteDistance": false,
			"pickable": true,
			"receiveShadows": false,
			"billboardMode": 0,
			"visibility": 1,
			"checkCollisions": false,
			"isBlocker": false,
			"overrideMaterialSideOrientation": null,
			"parentId": "9e6ce94c-3072-4982-8e1f-78eaa295ff15",
			"isUnIndexed": false,
			"geometryId": "72688934-7b2c-4596-8dc3-2138c652028e",
			"subMeshes": null,
			"materialId": "052d9625-2d0f-4553-bf6e-2db76000235b",
			"metadata": {
				"basePoseMatrix": {
					"0": 1,
					"1": 0,
					"2": 0,
					"3": 0,
					"4": 0,
					"5": 1,
					"6": 0,
					"7": 0,
					"8": 0,
					"9": 0,
					"10": 1,
					"11": 0,
					"12": 0,
					"13": 0,
					"14": 0,
					"15": 1
				},
				"originalSourceFile": {
					"id": "Model::Sphere.004",
					"name": "Model::Sphere.004",
					"sceneFileName": "InteriorTest.fbx"
				},
				"isPickable": false
			},
			"instances": [],
			"animations": [],
			"ranges": [],
			"layerMask": 268435455,
			"alphaIndex": 1.7976931348623157e+308,
			"hasVertexAlpha": false,
			"overlayAlpha": 0.5,
			"overlayColor": [
				1,
				0,
				0
			],
			"applyFog": true,
			"delayLoadingFile": "geometries/72688934-7b2c-4596-8dc3-2138c652028e.babylonbinarymeshdata",
			"boundingBoxMaximum": [
				1.0000001192092896,
				1,
				1
			],
			"boundingBoxMinimum": [
				-1.0000003576278687,
				-1.0000004768371582,
				-1
			],
			"_binaryInfo": {
				"positionsAttrDesc": {
					"count": 4320,
					"stride": 3,
					"offset": 0,
					"dataType": 1
				},
				"normalsAttrDesc": {
					"count": 4320,
					"stride": 3,
					"offset": 17280,
					"dataType": 1
				},
				"uvsAttrDesc": {
					"count": 2880,
					"stride": 2,
					"offset": 34560,
					"dataType": 1
				},
				"indicesAttrDesc": {
					"count": 1440,
					"stride": 1,
					"offset": 46080,
					"dataType": 0
				},
				"subMeshesAttrDesc": {
					"count": 1,
					"stride": 5,
					"offset": 51840,
					"dataType": 0
				}
			},
			"positions": null,
			"normals": null,
			"uvs": null,
			"hasUVs": true,
			"indices": null
		}
	],
	"multiMaterials": [],
	"lods": []
}