{
	"materials": [],
	"meshes": [
		{
			"name": "Model::TiangMeja",
			"id": "1942ad1c-42a3-4752-ba65-022d1f8d0508",
			"uniqueId": 507,
			"type": "Mesh",
			"position": [
				-22.329626083374023,
				7.761416435241699,
				-171.42288208007812
			],
			"rotationQuaternion": [
				-0.670136468214487,
				-0.22564835217308768,
				-0.22564836629924376,
				0.6701363666576127
			],
			"scaling": [
				0.9883359670639038,
				0.9883359670639038,
				6.807190895080566
			],
			"localMatrix": {
				"0": 1,
				"1": 0,
				"2": 0,
				"3": 0,
				"4": 0,
				"5": 1,
				"6": 0,
				"7": 0,
				"8": 0,
				"9": 0,
				"10": 1,
				"11": 0,
				"12": 0,
				"13": 0,
				"14": 0,
				"15": 1
			},
			"isEnabled": true,
			"isVisible": true,
			"infiniteDistance": false,
			"pickable": true,
			"receiveShadows": false,
			"billboardMode": 0,
			"visibility": 1,
			"checkCollisions": false,
			"isBlocker": false,
			"overrideMaterialSideOrientation": null,
			"parentId": "9e6ce94c-3072-4982-8e1f-78eaa295ff15",
			"isUnIndexed": false,
			"geometryId": "f49aa1d5-e319-4bc5-923f-6e94cb32552f",
			"subMeshes": null,
			"materialId": "ccda3dc2-5156-49d4-880e-4427a9a707c0",
			"metadata": {
				"basePoseMatrix": {
					"0": 1,
					"1": 0,
					"2": 0,
					"3": 0,
					"4": 0,
					"5": 1,
					"6": 0,
					"7": 0,
					"8": 0,
					"9": 0,
					"10": 1,
					"11": 0,
					"12": 0,
					"13": 0,
					"14": 0,
					"15": 1
				},
				"originalSourceFile": {
					"id": "Model::TiangMeja",
					"name": "Model::TiangMeja",
					"sceneFileName": "InteriorTest.fbx"
				},
				"isPickable": false
			},
			"instances": [],
			"animations": [],
			"ranges": [],
			"layerMask": 268435455,
			"alphaIndex": 1.7976931348623157e+308,
			"hasVertexAlpha": false,
			"overlayAlpha": 0.5,
			"overlayColor": [
				1,
				0,
				0
			],
			"applyFog": true,
			"delayLoadingFile": "geometries/f49aa1d5-e319-4bc5-923f-6e94cb32552f.babylonbinarymeshdata",
			"boundingBoxMaximum": [
				0.9166667461395264,
				6.272566318511963,
				0.9968230724334717
			],
			"boundingBoxMinimum": [
				-0.9166667461395264,
				-4.246425151824951,
				-0.9932758808135986
			],
			"_binaryInfo": {
				"positionsAttrDesc": {
					"count": 3744,
					"stride": 3,
					"offset": 0,
					"dataType": 1
				},
				"normalsAttrDesc": {
					"count": 3744,
					"stride": 3,
					"offset": 14976,
					"dataType": 1
				},
				"uvsAttrDesc": {
					"count": 2496,
					"stride": 2,
					"offset": 29952,
					"dataType": 1
				},
				"indicesAttrDesc": {
					"count": 1248,
					"stride": 1,
					"offset": 39936,
					"dataType": 0
				},
				"subMeshesAttrDesc": {
					"count": 1,
					"stride": 5,
					"offset": 44928,
					"dataType": 0
				}
			},
			"positions": null,
			"normals": null,
			"uvs": null,
			"hasUVs": true,
			"indices": null
		}
	],
	"multiMaterials": [],
	"lods": []
}