{
	"materials": [],
	"meshes": [
		{
			"name": "Model::Tree Branch.001",
			"id": "94e28d60-420a-45f4-b15f-8c03c1b21e05",
			"uniqueId": 538,
			"type": "Mesh",
			"position": [
				63.11134719848633,
				101.95692443847656,
				91.08431243896484
			],
			"rotationQuaternion": [
				-0.3866133726744606,
				-0.7028245569337848,
				-0.3375701141165155,
				0.49255878866940406
			],
			"scaling": [
				31.969022750854492,
				31.969022750854492,
				31.96902084350586
			],
			"localMatrix": {
				"0": 1,
				"1": 0,
				"2": 0,
				"3": 0,
				"4": 0,
				"5": 1,
				"6": 0,
				"7": 0,
				"8": 0,
				"9": 0,
				"10": 1,
				"11": 0,
				"12": 0,
				"13": 0,
				"14": 0,
				"15": 1
			},
			"isEnabled": true,
			"isVisible": true,
			"infiniteDistance": false,
			"pickable": true,
			"receiveShadows": false,
			"billboardMode": 0,
			"visibility": 1,
			"checkCollisions": false,
			"isBlocker": false,
			"overrideMaterialSideOrientation": null,
			"parentId": "9e6ce94c-3072-4982-8e1f-78eaa295ff15",
			"isUnIndexed": false,
			"geometryId": "4312c067-ca22-4f7c-b668-b035970b4d8b",
			"subMeshes": null,
			"materialId": "e2ed6174-dc1a-40ed-8d96-0527935d97af",
			"metadata": {
				"basePoseMatrix": {
					"0": 1,
					"1": 0,
					"2": 0,
					"3": 0,
					"4": 0,
					"5": 1,
					"6": 0,
					"7": 0,
					"8": 0,
					"9": 0,
					"10": 1,
					"11": 0,
					"12": 0,
					"13": 0,
					"14": 0,
					"15": 1
				},
				"originalSourceFile": {
					"id": "Model::Tree Branch.001",
					"name": "Model::Tree Branch.001",
					"sceneFileName": "InteriorTest.fbx"
				},
				"isPickable": false
			},
			"instances": [],
			"animations": [],
			"ranges": [],
			"layerMask": 268435455,
			"alphaIndex": 1.7976931348623157e+308,
			"hasVertexAlpha": false,
			"overlayAlpha": 0.5,
			"overlayColor": [
				1,
				0,
				0
			],
			"applyFog": true,
			"delayLoadingFile": "geometries/4312c067-ca22-4f7c-b668-b035970b4d8b.babylonbinarymeshdata",
			"boundingBoxMaximum": [
				0.3477466404438019,
				0.5,
				0.06914804130792618
			],
			"boundingBoxMinimum": [
				-0.3477466404438019,
				-0.5,
				-0.05430086702108383
			],
			"_binaryInfo": {
				"positionsAttrDesc": {
					"count": 261,
					"stride": 3,
					"offset": 0,
					"dataType": 1
				},
				"normalsAttrDesc": {
					"count": 261,
					"stride": 3,
					"offset": 1044,
					"dataType": 1
				},
				"uvsAttrDesc": {
					"count": 174,
					"stride": 2,
					"offset": 2088,
					"dataType": 1
				},
				"indicesAttrDesc": {
					"count": 87,
					"stride": 1,
					"offset": 2784,
					"dataType": 0
				},
				"subMeshesAttrDesc": {
					"count": 1,
					"stride": 5,
					"offset": 3132,
					"dataType": 0
				}
			},
			"positions": null,
			"normals": null,
			"uvs": null,
			"hasUVs": true,
			"indices": null
		}
	],
	"multiMaterials": [],
	"lods": []
}