{
	"materials": [],
	"meshes": [
		{
			"name": "Model::Sofa.008",
			"id": "00e7962d-f56a-4742-b097-3455e9c698d0",
			"uniqueId": 518,
			"type": "Mesh",
			"position": [
				-218.98779296875,
				49.267913818359375,
				-94.36217498779297
			],
			"rotationQuaternion": [
				-0.7071068387877039,
				0,
				0,
				0.7071067235853865
			],
			"scaling": [
				10.778268814086914,
				42.89247512817383,
				23.660871505737305
			],
			"localMatrix": {
				"0": 1,
				"1": 0,
				"2": 0,
				"3": 0,
				"4": 0,
				"5": 1,
				"6": 0,
				"7": 0,
				"8": 0,
				"9": 0,
				"10": 1,
				"11": 0,
				"12": 0,
				"13": 0,
				"14": 0,
				"15": 1
			},
			"isEnabled": true,
			"isVisible": true,
			"infiniteDistance": false,
			"pickable": true,
			"receiveShadows": false,
			"billboardMode": 0,
			"visibility": 1,
			"checkCollisions": false,
			"isBlocker": false,
			"overrideMaterialSideOrientation": null,
			"parentId": "9e6ce94c-3072-4982-8e1f-78eaa295ff15",
			"isUnIndexed": false,
			"geometryId": "18a1b8c6-2a76-4882-a482-09a9a882b024",
			"subMeshes": null,
			"materialId": "11e25413-bc74-43d2-bee6-76fe3f0dca06",
			"metadata": {
				"basePoseMatrix": {
					"0": 1,
					"1": 0,
					"2": 0,
					"3": 0,
					"4": 0,
					"5": 1,
					"6": 0,
					"7": 0,
					"8": 0,
					"9": 0,
					"10": 1,
					"11": 0,
					"12": 0,
					"13": 0,
					"14": 0,
					"15": 1
				},
				"originalSourceFile": {
					"id": "Model::Sofa.008",
					"name": "Model::Sofa.008",
					"sceneFileName": "InteriorTest.fbx"
				},
				"isPickable": false
			},
			"instances": [],
			"animations": [],
			"ranges": [],
			"layerMask": 268435455,
			"alphaIndex": 1.7976931348623157e+308,
			"hasVertexAlpha": false,
			"overlayAlpha": 0.5,
			"overlayColor": [
				1,
				0,
				0
			],
			"applyFog": true,
			"delayLoadingFile": "geometries/18a1b8c6-2a76-4882-a482-09a9a882b024.babylonbinarymeshdata",
			"boundingBoxMaximum": [
				1.0163660049438477,
				0.9390489459037781,
				0.9390488862991333
			],
			"boundingBoxMinimum": [
				-1.0000001192092896,
				-0.9390489459037781,
				-0.9390488862991333
			],
			"_binaryInfo": {
				"positionsAttrDesc": {
					"count": 3024,
					"stride": 3,
					"offset": 0,
					"dataType": 1
				},
				"normalsAttrDesc": {
					"count": 3024,
					"stride": 3,
					"offset": 12096,
					"dataType": 1
				},
				"uvsAttrDesc": {
					"count": 2016,
					"stride": 2,
					"offset": 24192,
					"dataType": 1
				},
				"indicesAttrDesc": {
					"count": 1008,
					"stride": 1,
					"offset": 32256,
					"dataType": 0
				},
				"subMeshesAttrDesc": {
					"count": 1,
					"stride": 5,
					"offset": 36288,
					"dataType": 0
				}
			},
			"positions": null,
			"normals": null,
			"uvs": null,
			"hasUVs": true,
			"indices": null
		}
	],
	"multiMaterials": [],
	"lods": []
}