{
	"materials": [],
	"meshes": [
		{
			"name": "Model::Pot.004",
			"id": "25257d9d-840f-45a3-97c5-a47328b281f0",
			"uniqueId": 566,
			"type": "Mesh",
			"position": [
				-55.71625900268555,
				20.08132553100586,
				-129.8075714111328
			],
			"rotationQuaternion": [
				-0.7071068387877039,
				0,
				0,
				0.7071067235853865
			],
			"scaling": [
				4.384757041931152,
				4.384757041931152,
				4.384757041931152
			],
			"localMatrix": {
				"0": 1,
				"1": 0,
				"2": 0,
				"3": 0,
				"4": 0,
				"5": 1,
				"6": 0,
				"7": 0,
				"8": 0,
				"9": 0,
				"10": 1,
				"11": 0,
				"12": 0,
				"13": 0,
				"14": 0,
				"15": 1
			},
			"isEnabled": true,
			"isVisible": true,
			"infiniteDistance": false,
			"pickable": true,
			"receiveShadows": false,
			"billboardMode": 0,
			"visibility": 1,
			"checkCollisions": false,
			"isBlocker": false,
			"overrideMaterialSideOrientation": null,
			"parentId": "9e6ce94c-3072-4982-8e1f-78eaa295ff15",
			"isUnIndexed": false,
			"geometryId": "ead0c428-76e2-4da2-bb02-bd0199ccfdfc",
			"subMeshes": null,
			"materialId": "2bdca319-6df4-4be3-b74e-7f508a395e75",
			"metadata": {
				"basePoseMatrix": {
					"0": 1,
					"1": 0,
					"2": 0,
					"3": 0,
					"4": 0,
					"5": 1,
					"6": 0,
					"7": 0,
					"8": 0,
					"9": 0,
					"10": 1,
					"11": 0,
					"12": 0,
					"13": 0,
					"14": 0,
					"15": 1
				},
				"originalSourceFile": {
					"id": "Model::Pot.004",
					"name": "Model::Pot.004",
					"sceneFileName": "InteriorTest.fbx"
				},
				"isPickable": false
			},
			"instances": [],
			"animations": [],
			"ranges": [],
			"layerMask": 268435455,
			"alphaIndex": 1.7976931348623157e+308,
			"hasVertexAlpha": false,
			"overlayAlpha": 0.5,
			"overlayColor": [
				1,
				0,
				0
			],
			"applyFog": true,
			"delayLoadingFile": "geometries/ead0c428-76e2-4da2-bb02-bd0199ccfdfc.babylonbinarymeshdata",
			"boundingBoxMaximum": [
				0.9023690819740295,
				0.9023690223693848,
				0.9903215765953064
			],
			"boundingBoxMinimum": [
				-0.9023690223693848,
				-0.9023690223693848,
				-0.9871296286582947
			],
			"_binaryInfo": {
				"positionsAttrDesc": {
					"count": 4320,
					"stride": 3,
					"offset": 0,
					"dataType": 1
				},
				"normalsAttrDesc": {
					"count": 4320,
					"stride": 3,
					"offset": 17280,
					"dataType": 1
				},
				"uvsAttrDesc": {
					"count": 2880,
					"stride": 2,
					"offset": 34560,
					"dataType": 1
				},
				"indicesAttrDesc": {
					"count": 1440,
					"stride": 1,
					"offset": 46080,
					"dataType": 0
				},
				"subMeshesAttrDesc": {
					"count": 1,
					"stride": 5,
					"offset": 51840,
					"dataType": 0
				}
			},
			"positions": null,
			"normals": null,
			"uvs": null,
			"hasUVs": true,
			"indices": null
		}
	],
	"multiMaterials": [],
	"lods": []
}