{
	"materials": [],
	"meshes": [
		{
			"name": "Model::TiangMeja.002",
			"id": "cc7f433f-a5da-4b91-80da-d8c90ea78c95",
			"uniqueId": 509,
			"type": "Mesh",
			"position": [
				-113.50070190429688,
				7.761416435241699,
				-86.813232421875
			],
			"rotationQuaternion": [
				-0.26056911453702114,
				0.6573459342024278,
				0.6573460301860701,
				0.26056910011654216
			],
			"scaling": [
				0.988335907459259,
				0.988335907459259,
				6.807190895080566
			],
			"localMatrix": {
				"0": 1,
				"1": 0,
				"2": 0,
				"3": 0,
				"4": 0,
				"5": 1,
				"6": 0,
				"7": 0,
				"8": 0,
				"9": 0,
				"10": 1,
				"11": 0,
				"12": 0,
				"13": 0,
				"14": 0,
				"15": 1
			},
			"isEnabled": true,
			"isVisible": true,
			"infiniteDistance": false,
			"pickable": true,
			"receiveShadows": false,
			"billboardMode": 0,
			"visibility": 1,
			"checkCollisions": false,
			"isBlocker": false,
			"overrideMaterialSideOrientation": null,
			"parentId": "9e6ce94c-3072-4982-8e1f-78eaa295ff15",
			"isUnIndexed": false,
			"geometryId": "60b1d4ad-d694-41dc-b342-b24a74318299",
			"subMeshes": null,
			"materialId": "default material",
			"metadata": {
				"basePoseMatrix": {
					"0": 1,
					"1": 0,
					"2": 0,
					"3": 0,
					"4": 0,
					"5": 1,
					"6": 0,
					"7": 0,
					"8": 0,
					"9": 0,
					"10": 1,
					"11": 0,
					"12": 0,
					"13": 0,
					"14": 0,
					"15": 1
				},
				"originalSourceFile": {
					"id": "Model::TiangMeja.002",
					"name": "Model::TiangMeja.002",
					"sceneFileName": "InteriorTest.fbx"
				},
				"isPickable": false
			},
			"instances": [],
			"animations": [],
			"ranges": [],
			"layerMask": 268435455,
			"alphaIndex": 1.7976931348623157e+308,
			"hasVertexAlpha": false,
			"overlayAlpha": 0.5,
			"overlayColor": [
				1,
				0,
				0
			],
			"applyFog": true,
			"delayLoadingFile": "geometries/60b1d4ad-d694-41dc-b342-b24a74318299.babylonbinarymeshdata",
			"boundingBoxMaximum": [
				0.9166667461395264,
				6.272566318511963,
				0.9968230724334717
			],
			"boundingBoxMinimum": [
				-0.9166667461395264,
				-4.246425151824951,
				-0.9932758808135986
			],
			"_binaryInfo": {
				"positionsAttrDesc": {
					"count": 3744,
					"stride": 3,
					"offset": 0,
					"dataType": 1
				},
				"normalsAttrDesc": {
					"count": 3744,
					"stride": 3,
					"offset": 14976,
					"dataType": 1
				},
				"uvsAttrDesc": {
					"count": 2496,
					"stride": 2,
					"offset": 29952,
					"dataType": 1
				},
				"indicesAttrDesc": {
					"count": 1248,
					"stride": 1,
					"offset": 39936,
					"dataType": 0
				},
				"subMeshesAttrDesc": {
					"count": 1,
					"stride": 5,
					"offset": 44928,
					"dataType": 0
				}
			},
			"positions": null,
			"normals": null,
			"uvs": null,
			"hasUVs": true,
			"indices": null
		}
	],
	"multiMaterials": [],
	"lods": []
}