{
	"materials": [],
	"meshes": [
		{
			"name": "Model::Tree07_4K.005",
			"id": "d93c41e2-e46a-4def-8433-8e031c2f993d",
			"uniqueId": 562,
			"type": "Mesh",
			"position": [
				217.2892608642578,
				33.28216552734375,
				-358.85382080078125
			],
			"rotationQuaternion": [
				1.545431263184728e-8,
				-0.7071067544940085,
				1.5454311465079176e-8,
				0.7071068078790853
			],
			"scaling": [
				166.90858459472656,
				166.90858459472656,
				166.90858459472656
			],
			"localMatrix": {
				"0": 1,
				"1": 0,
				"2": 0,
				"3": 0,
				"4": 0,
				"5": 1,
				"6": 0,
				"7": 0,
				"8": 0,
				"9": 0,
				"10": 1,
				"11": 0,
				"12": 0,
				"13": 0,
				"14": 0,
				"15": 1
			},
			"isEnabled": true,
			"isVisible": true,
			"infiniteDistance": false,
			"pickable": true,
			"receiveShadows": false,
			"billboardMode": 0,
			"visibility": 1,
			"checkCollisions": false,
			"isBlocker": false,
			"overrideMaterialSideOrientation": null,
			"parentId": "9e6ce94c-3072-4982-8e1f-78eaa295ff15",
			"isUnIndexed": false,
			"geometryId": "0b833f89-6504-43ce-b605-bc06d6992f0c",
			"subMeshes": null,
			"materialId": "04417333-e35a-490f-bb5a-a98ad612b75a",
			"metadata": {
				"basePoseMatrix": {
					"0": 1,
					"1": 0,
					"2": 0,
					"3": 0,
					"4": 0,
					"5": 1,
					"6": 0,
					"7": 0,
					"8": 0,
					"9": 0,
					"10": 1,
					"11": 0,
					"12": 0,
					"13": 0,
					"14": 0,
					"15": 1
				},
				"originalSourceFile": {
					"id": "Model::Tree07_4K.005",
					"name": "Model::Tree07_4K.005",
					"sceneFileName": "InteriorTest.fbx"
				},
				"isPickable": false
			},
			"instances": [],
			"animations": [],
			"ranges": [],
			"layerMask": 268435455,
			"alphaIndex": 1.7976931348623157e+308,
			"hasVertexAlpha": false,
			"overlayAlpha": 0.5,
			"overlayColor": [
				1,
				0,
				0
			],
			"applyFog": true,
			"delayLoadingFile": "geometries/0b833f89-6504-43ce-b605-bc06d6992f0c.babylonbinarymeshdata",
			"boundingBoxMaximum": [
				0.3074224889278412,
				0.5,
				0
			],
			"boundingBoxMinimum": [
				-0.3074224889278412,
				-0.09530948847532272,
				0
			],
			"_binaryInfo": {
				"positionsAttrDesc": {
					"count": 90,
					"stride": 3,
					"offset": 0,
					"dataType": 1
				},
				"normalsAttrDesc": {
					"count": 90,
					"stride": 3,
					"offset": 360,
					"dataType": 1
				},
				"uvsAttrDesc": {
					"count": 60,
					"stride": 2,
					"offset": 720,
					"dataType": 1
				},
				"indicesAttrDesc": {
					"count": 30,
					"stride": 1,
					"offset": 960,
					"dataType": 0
				},
				"subMeshesAttrDesc": {
					"count": 1,
					"stride": 5,
					"offset": 1080,
					"dataType": 0
				}
			},
			"positions": null,
			"normals": null,
			"uvs": null,
			"hasUVs": true,
			"indices": null
		}
	],
	"multiMaterials": [],
	"lods": []
}