{
	"materials": [],
	"meshes": [
		{
			"name": "Model::Sofa.006",
			"id": "3a46c51a-16bf-4ba5-9247-bba14090ef8b",
			"uniqueId": 505,
			"type": "Mesh",
			"position": [
				-198.0637969970703,
				18.65836524963379,
				-240.56956481933594
			],
			"rotationQuaternion": [
				-0.7071068500259177,
				0.7071067123471438,
				-1.3767876781546212e-7,
				1.37678779700875e-7
			],
			"scaling": [
				17.95765495300293,
				50.46183395385742,
				7.499999523162842
			],
			"localMatrix": {
				"0": 1,
				"1": 0,
				"2": 0,
				"3": 0,
				"4": 0,
				"5": 1,
				"6": 0,
				"7": 0,
				"8": 0,
				"9": 0,
				"10": 1,
				"11": 0,
				"12": 0,
				"13": 0,
				"14": 0,
				"15": 1
			},
			"isEnabled": true,
			"isVisible": true,
			"infiniteDistance": false,
			"pickable": true,
			"receiveShadows": false,
			"billboardMode": 0,
			"visibility": 1,
			"checkCollisions": false,
			"isBlocker": false,
			"overrideMaterialSideOrientation": null,
			"parentId": "9e6ce94c-3072-4982-8e1f-78eaa295ff15",
			"isUnIndexed": false,
			"geometryId": "4c7f23a0-7761-4fb1-a1d4-c3a9a55784fb",
			"subMeshes": null,
			"materialId": "ad2d9f8f-1b0a-422e-afaf-95f3f1e959e0",
			"metadata": {
				"basePoseMatrix": {
					"0": 1,
					"1": 0,
					"2": 0,
					"3": 0,
					"4": 0,
					"5": 1,
					"6": 0,
					"7": 0,
					"8": 0,
					"9": 0,
					"10": 1,
					"11": 0,
					"12": 0,
					"13": 0,
					"14": 0,
					"15": 1
				},
				"originalSourceFile": {
					"id": "Model::Sofa.006",
					"name": "Model::Sofa.006",
					"sceneFileName": "InteriorTest.fbx"
				},
				"isPickable": false
			},
			"instances": [],
			"animations": [],
			"ranges": [],
			"layerMask": 268435455,
			"alphaIndex": 1.7976931348623157e+308,
			"hasVertexAlpha": false,
			"overlayAlpha": 0.5,
			"overlayColor": [
				1,
				0,
				0
			],
			"applyFog": true,
			"delayLoadingFile": "geometries/4c7f23a0-7761-4fb1-a1d4-c3a9a55784fb.babylonbinarymeshdata",
			"boundingBoxMaximum": [
				0.9833334684371948,
				0.9895835518836975,
				1.0000001192092896
			],
			"boundingBoxMinimum": [
				-0.9833334684371948,
				-0.9895835518836975,
				-1.0000001192092896
			],
			"_binaryInfo": {
				"positionsAttrDesc": {
					"count": 23616,
					"stride": 3,
					"offset": 0,
					"dataType": 1
				},
				"normalsAttrDesc": {
					"count": 23616,
					"stride": 3,
					"offset": 94464,
					"dataType": 1
				},
				"uvsAttrDesc": {
					"count": 15744,
					"stride": 2,
					"offset": 188928,
					"dataType": 1
				},
				"indicesAttrDesc": {
					"count": 7872,
					"stride": 1,
					"offset": 251904,
					"dataType": 0
				},
				"subMeshesAttrDesc": {
					"count": 1,
					"stride": 5,
					"offset": 283392,
					"dataType": 0
				}
			},
			"positions": null,
			"normals": null,
			"uvs": null,
			"hasUVs": true,
			"indices": null
		}
	],
	"multiMaterials": [],
	"lods": []
}