{
	"materials": [],
	"meshes": [
		{
			"name": "Model::BezierCurve",
			"id": "a96c6925-d65e-4e6f-96f3-32614854859e",
			"uniqueId": 521,
			"type": "Mesh",
			"position": [
				-179.1232452392578,
				85.52310943603516,
				-196.90841674804688
			],
			"rotationQuaternion": [
				-0.7071068387877039,
				0,
				0,
				0.7071067235853865
			],
			"scaling": [
				100,
				100,
				100
			],
			"localMatrix": {
				"0": 1,
				"1": 0,
				"2": 0,
				"3": 0,
				"4": 0,
				"5": 1,
				"6": 0,
				"7": 0,
				"8": 0,
				"9": 0,
				"10": 1,
				"11": 0,
				"12": 0,
				"13": 0,
				"14": 0,
				"15": 1
			},
			"isEnabled": true,
			"isVisible": true,
			"infiniteDistance": false,
			"pickable": true,
			"receiveShadows": false,
			"billboardMode": 0,
			"visibility": 1,
			"checkCollisions": false,
			"isBlocker": false,
			"overrideMaterialSideOrientation": null,
			"parentId": "9e6ce94c-3072-4982-8e1f-78eaa295ff15",
			"isUnIndexed": false,
			"geometryId": "97c7c748-7037-4f3f-bdc2-5014e19409c6",
			"subMeshes": null,
			"materialId": "a0675816-1c5b-4d5a-835c-319a74729598",
			"metadata": {
				"basePoseMatrix": {
					"0": 1,
					"1": 0,
					"2": 0,
					"3": 0,
					"4": 0,
					"5": 1,
					"6": 0,
					"7": 0,
					"8": 0,
					"9": 0,
					"10": 1,
					"11": 0,
					"12": 0,
					"13": 0,
					"14": 0,
					"15": 1
				},
				"originalSourceFile": {
					"id": "Model::BezierCurve",
					"name": "Model::BezierCurve",
					"sceneFileName": "InteriorTest.fbx"
				},
				"isPickable": false
			},
			"instances": [],
			"animations": [],
			"ranges": [],
			"layerMask": 268435455,
			"alphaIndex": 1.7976931348623157e+308,
			"hasVertexAlpha": false,
			"overlayAlpha": 0.5,
			"overlayColor": [
				1,
				0,
				0
			],
			"applyFog": true,
			"delayLoadingFile": "geometries/97c7c748-7037-4f3f-bdc2-5014e19409c6.babylonbinarymeshdata",
			"boundingBoxMaximum": [
				0.05521729588508606,
				0.9230808019638062,
				0.6911089420318604
			],
			"boundingBoxMinimum": [
				-0.4676600396633148,
				0.18901285529136658,
				0.014415929093956947
			],
			"_binaryInfo": {
				"positionsAttrDesc": {
					"count": 2592,
					"stride": 3,
					"offset": 0,
					"dataType": 1
				},
				"normalsAttrDesc": {
					"count": 2592,
					"stride": 3,
					"offset": 10368,
					"dataType": 1
				},
				"uvsAttrDesc": {
					"count": 1728,
					"stride": 2,
					"offset": 20736,
					"dataType": 1
				},
				"indicesAttrDesc": {
					"count": 864,
					"stride": 1,
					"offset": 27648,
					"dataType": 0
				},
				"subMeshesAttrDesc": {
					"count": 1,
					"stride": 5,
					"offset": 31104,
					"dataType": 0
				}
			},
			"positions": null,
			"normals": null,
			"uvs": null,
			"hasUVs": true,
			"indices": null
		}
	],
	"multiMaterials": [],
	"lods": []
}