{
	"materials": [],
	"meshes": [
		{
			"name": "Model::Atas Bangku",
			"id": "4532bf85-b60a-45b8-ac15-67c7352bad5f",
			"uniqueId": 522,
			"type": "Mesh",
			"position": [
				223.12319946289062,
				55.00001907348633,
				29.750732421875
			],
			"rotationQuaternion": [
				-0.7071068387877039,
				0,
				0,
				0.7071067235853865
			],
			"scaling": [
				25,
				75,
				5.000000953674316
			],
			"localMatrix": {
				"0": 1,
				"1": 0,
				"2": 0,
				"3": 0,
				"4": 0,
				"5": 1,
				"6": 0,
				"7": 0,
				"8": 0,
				"9": 0,
				"10": 1,
				"11": 0,
				"12": 0,
				"13": 0,
				"14": 0,
				"15": 1
			},
			"isEnabled": true,
			"isVisible": true,
			"infiniteDistance": false,
			"pickable": true,
			"receiveShadows": false,
			"billboardMode": 0,
			"visibility": 1,
			"checkCollisions": false,
			"isBlocker": false,
			"overrideMaterialSideOrientation": null,
			"parentId": "9e6ce94c-3072-4982-8e1f-78eaa295ff15",
			"isUnIndexed": false,
			"geometryId": "082bd4e2-89b9-497f-876d-3994ebccb847",
			"subMeshes": null,
			"materialId": "9eee1832-93be-42fd-aeed-0cd902de93c7",
			"metadata": {
				"basePoseMatrix": {
					"0": 1,
					"1": 0,
					"2": 0,
					"3": 0,
					"4": 0,
					"5": 1,
					"6": 0,
					"7": 0,
					"8": 0,
					"9": 0,
					"10": 1,
					"11": 0,
					"12": 0,
					"13": 0,
					"14": 0,
					"15": 1
				},
				"originalSourceFile": {
					"id": "Model::Atas Bangku",
					"name": "Model::Atas Bangku",
					"sceneFileName": "InteriorTest.fbx"
				},
				"isPickable": false
			},
			"instances": [],
			"animations": [],
			"ranges": [],
			"layerMask": 268435455,
			"alphaIndex": 1.7976931348623157e+308,
			"hasVertexAlpha": false,
			"overlayAlpha": 0.5,
			"overlayColor": [
				1,
				0,
				0
			],
			"applyFog": true,
			"delayLoadingFile": "geometries/082bd4e2-89b9-497f-876d-3994ebccb847.babylonbinarymeshdata",
			"boundingBoxMaximum": [
				1.0000001192092896,
				1.0000001192092896,
				1.0000001192092896
			],
			"boundingBoxMinimum": [
				-1.0000001192092896,
				-1.0000001192092896,
				-1.0000001192092896
			],
			"_binaryInfo": {
				"positionsAttrDesc": {
					"count": 20736,
					"stride": 3,
					"offset": 0,
					"dataType": 1
				},
				"normalsAttrDesc": {
					"count": 20736,
					"stride": 3,
					"offset": 82944,
					"dataType": 1
				},
				"uvsAttrDesc": {
					"count": 13824,
					"stride": 2,
					"offset": 165888,
					"dataType": 1
				},
				"indicesAttrDesc": {
					"count": 6912,
					"stride": 1,
					"offset": 221184,
					"dataType": 0
				},
				"subMeshesAttrDesc": {
					"count": 1,
					"stride": 5,
					"offset": 248832,
					"dataType": 0
				}
			},
			"positions": null,
			"normals": null,
			"uvs": null,
			"hasUVs": true,
			"indices": null
		}
	],
	"multiMaterials": [],
	"lods": []
}