{
	"materials": [],
	"meshes": [
		{
			"name": "Model::Tree Branch.005",
			"id": "7c4db5b3-7864-47b8-9430-a3d219aa90b7",
			"uniqueId": 542,
			"type": "Mesh",
			"position": [
				3.3873162269592285,
				118.80369567871094,
				142.01097106933594
			],
			"rotationQuaternion": [
				0.789309988806564,
				-0.05763793004843431,
				0.02830225037326255,
				0.6106280317949075
			],
			"scaling": [
				35.563899993896484,
				35.56389617919922,
				35.563899993896484
			],
			"localMatrix": {
				"0": 1,
				"1": 0,
				"2": 0,
				"3": 0,
				"4": 0,
				"5": 1,
				"6": 0,
				"7": 0,
				"8": 0,
				"9": 0,
				"10": 1,
				"11": 0,
				"12": 0,
				"13": 0,
				"14": 0,
				"15": 1
			},
			"isEnabled": true,
			"isVisible": true,
			"infiniteDistance": false,
			"pickable": true,
			"receiveShadows": false,
			"billboardMode": 0,
			"visibility": 1,
			"checkCollisions": false,
			"isBlocker": false,
			"overrideMaterialSideOrientation": null,
			"parentId": "9e6ce94c-3072-4982-8e1f-78eaa295ff15",
			"isUnIndexed": false,
			"geometryId": "55b2c7e1-fbd6-49f2-848d-edad7038fa59",
			"subMeshes": null,
			"materialId": "e2ed6174-dc1a-40ed-8d96-0527935d97af",
			"metadata": {
				"basePoseMatrix": {
					"0": 1,
					"1": 0,
					"2": 0,
					"3": 0,
					"4": 0,
					"5": 1,
					"6": 0,
					"7": 0,
					"8": 0,
					"9": 0,
					"10": 1,
					"11": 0,
					"12": 0,
					"13": 0,
					"14": 0,
					"15": 1
				},
				"originalSourceFile": {
					"id": "Model::Tree Branch.005",
					"name": "Model::Tree Branch.005",
					"sceneFileName": "InteriorTest.fbx"
				},
				"isPickable": false
			},
			"instances": [],
			"animations": [],
			"ranges": [],
			"layerMask": 268435455,
			"alphaIndex": 1.7976931348623157e+308,
			"hasVertexAlpha": false,
			"overlayAlpha": 0.5,
			"overlayColor": [
				1,
				0,
				0
			],
			"applyFog": true,
			"delayLoadingFile": "geometries/55b2c7e1-fbd6-49f2-848d-edad7038fa59.babylonbinarymeshdata",
			"boundingBoxMaximum": [
				0.3477466404438019,
				0.5,
				0.06914804130792618
			],
			"boundingBoxMinimum": [
				-0.3477466404438019,
				-0.5,
				-0.05430086702108383
			],
			"_binaryInfo": {
				"positionsAttrDesc": {
					"count": 261,
					"stride": 3,
					"offset": 0,
					"dataType": 1
				},
				"normalsAttrDesc": {
					"count": 261,
					"stride": 3,
					"offset": 1044,
					"dataType": 1
				},
				"uvsAttrDesc": {
					"count": 174,
					"stride": 2,
					"offset": 2088,
					"dataType": 1
				},
				"indicesAttrDesc": {
					"count": 87,
					"stride": 1,
					"offset": 2784,
					"dataType": 0
				},
				"subMeshesAttrDesc": {
					"count": 1,
					"stride": 5,
					"offset": 3132,
					"dataType": 0
				}
			},
			"positions": null,
			"normals": null,
			"uvs": null,
			"hasUVs": true,
			"indices": null
		}
	],
	"multiMaterials": [],
	"lods": []
}